ACCESSION_NUMBER	SUBMISSION_TYPE	FILING_DATE	CIK	FILE_NUMBER	PERIOD
0001665160-21-002432	C/A	20211230	0001899670	020-29376	
0001886772-21-000002	C/A	20211230	0001886772	020-29049	
0001780439-21-000022	C/A	20211230	0001837104	020-28520	
0001669191-21-001270	C	20211230	0001899789	020-29467	
0001665160-21-002430	C-AR/A	20211230	0001771429	020-25261	20201231
0001665160-21-002428	C	20211230	0001893460	020-29465	
0001665160-21-002425	C-AR/A	20211230	0001768911	020-25444	20201231
0001746059-21-000643	C	20211230	0001900955	020-29463	
0001665160-21-002423	C-AR	20211230	0001847227	020-27797	20201231
0001665160-21-002420	C-AR/A	20211230	0001715599	020-23567	20201231
0001665160-21-002421	C	20211230	0001900552	020-29462	
0001665160-21-002418	C-AR/A	20211230	0001750358	020-24670	20201231
0001665160-21-002415	C-AR/A	20211230	0001844273	020-27709	20201231
0001746059-21-000642	C/A	20211230	0001886366	020-28936	
0001902033-21-000001	C	20211230	0001902033	020-29460	
0001746059-21-000641	C-U	20211230	0001660271	020-28396	
0001665160-21-002412	C-AR/A	20211230	0001785581	020-25741	20201231
0001746059-21-000640	C/A	20211230	0001889301	020-29034	
0001665160-21-002407	C-AR/A	20211230	0001767862	020-25250	20201231
0001746059-21-000639	C/A	20211230	0001901728	020-29458	
0001872382-21-000011	C/A	20211229	0001872382	020-28389	
0001746059-21-000638	C/A	20211229	0001882827	020-28820	
0001665160-21-002397	C	20211229	0001762157	020-29459	
0001665160-21-002396	C/A	20211229	0001872421	020-28555	
0001665160-21-002394	C-U	20211229	0001862540	020-28275	
0001746059-21-000637	C	20211229	0001901728	020-29458	
0001811251-21-000004	C/A	20211229	0001811251	020-29111	
0001892429-21-000001	C	20211229	0001892429	020-29457	
0001886737-21-000003	C/A	20211229	0001886737	020-29431	
0001867987-21-000002	C/A	20211229	0001867987	020-28979	
0001665160-21-002393	C-AR/A	20211229	0001831843	020-27317	20201231
0001665160-21-002390	C-AR/A	20211229	0001815192	020-26572	20201231
0001665160-21-002389	C	20211229	0001898847	020-29456	
0001866215-21-000004	C-U	20211229	0001866215	020-28260	
0001665160-21-002387	C-AR/A	20211229	0001820834	020-26992	20201231
0001665160-21-002384	C	20211229	0001893890	020-29455	
0001665160-21-002383	C-AR/A	20211229	0001762157	020-26402	20201231
0001665160-21-002381	C-AR	20211229	0001762157	020-26402	20201231
0001665160-21-002379	C	20211229	0001901238	020-29454	
0001746059-21-000636	C	20211229	0001889347	020-29453	
0001746059-21-000635	C	20211229	0001899991	020-29452	
0001665160-21-002378	C/A	20211229	0001892473	020-29167	
0001885303-21-000008	C/A	20211229	0001885303	020-29060	
0001893044-21-000002	C/A	20211228	0001893044	020-29443	
0001665160-21-002372	C-AR/A	20211228	0001774921	020-25367	20201231
0001665160-21-002370	C	20211228	0001826213	020-29450	
0001665160-21-002368	C	20211228	0001626196	020-29449	
0001857219-21-000004	C/A	20211228	0001857219	020-28631	
0001746059-21-000633	C	20211227	0001901426	020-29446	
0001665160-21-002363	C-AR/A	20211227	0001823354	020-26963	20201231
0001665160-21-002360	C-AR/A	20211227	0001836186	020-27347	20201231
0001665160-21-002358	C/A	20211227	0001857825	020-28320	
0001665160-21-002356	C	20211227	0001892762	020-29445	
0001746059-21-000632	C	20211227	0001899662	020-29444	
0001893044-21-000001	C	20211227	0001893044	020-29443	
0001665160-21-002354	C-U	20211227	0001812661	020-26826	
0001665160-21-002353	C-U	20211227	0001825442	020-28154	
0001746059-21-000631	C-U	20211227	0001889343	020-29096	
0001746059-21-000630	C-W	20211227	0001891370	020-29093	
0001665160-21-002352	C-AR/A	20211227	0001713933	020-27443	20201231
0001746059-21-000629	C-W	20211227	0001890808	020-29091	
0001746059-21-000628	C	20211227	0001901398	020-29441	
0001665160-21-002346	C-AR/A	20211227	0001719038	020-26377	20201231
0001889280-21-000002	C	20211227	0001889280	020-29440	
0001665160-21-002344	C/A	20211227	0001872421	020-28555	
0001665160-21-002341	C-AR/A	20211227	0001808377	020-26568	20201231
0001665160-21-002337	C	20211227	0001901331	020-29439	
0001665160-21-002334	C-AR/A	20211227	0001836728	020-27399	20201231
0001665160-21-002329	C-AR/A	20211227	0001812661	020-26826	20201231
0001665160-21-002326	C-AR/A	20211227	0001731258	020-24070	20201231
0001665160-21-002324	C-AR/A	20211227	0001528338	020-23512	20201231
0001789922-21-000003	C-U	20211227	0001789922	020-29159	
0001665160-21-002321	C-AR/A	20211227	0001835494	020-27295	20201231
0001665160-21-002316	C-AR/A	20211227	0001731197	020-25317	20201231
0001780439-21-000020	C/A	20211227	0001837104	020-28520	
0001665160-21-002317	C	20211227	0001894886	020-29434	
0001665160-21-002319	C-AR/A	20211227	0001797125	020-25976	20201231
0001652564-21-000013	C	20211227	0001652564	020-29437	
0001670254-21-001424	C	20211227	0001900828	020-29435	
0001852227-21-000002	C/A	20211223	0001852227	020-28684	
0001665160-21-002314	C/A	20211223	0001872421	020-28555	
0001665160-21-002313	C-U	20211223	0001775046	020-28924	
0001665160-21-002311	C-U	20211223	0001803159	020-26218	
0001665160-21-002310	C-U	20211223	0001878371	020-28572	
0001877762-21-000004	C-U	20211223	0001877762	020-28586	
0001746059-21-000627	C/A	20211223	0001882663	020-29244	
0001816536-21-000006	C-U	20211223	0001816536	020-28234	
0001670254-21-001422	C	20211223	0001898367	020-29433	
0001665160-21-002309	C-AR/A	20211223	0001801405	020-26058	20201231
0001669191-21-001268	C/A	20211223	0001790927	020-26443	
0001213900-21-067277	C-AR	20211223	0001654300	020-24026	20210831
0001665160-21-002306	C-U	20211223	0001866910	020-28270	
0001665160-21-002304	C	20211223	0001789952	020-29432	
0001886737-21-000001	C	20211223	0001886737	020-29431	
0001888739-21-000004	C/A	20211223	0001888739	020-29017	
0001665160-21-002302	C-U	20211223	0001867324	020-28263	
0001665160-21-002301	C-W	20211223	0001892374	020-29172	
0001746059-21-000626	C/A	20211223	0001885746	020-29430	
0001746059-21-000625	C-U	20211223	0001890728	020-29099	
0001878343-21-000003	C/A	20211223	0001878343	020-28778	
0001665160-21-002300	C/A	20211223	0001813227	020-27905	
0001746059-21-000624	C	20211223	0001885746	020-29430	
0001665160-21-002299	C-U	20211223	0001810371	020-28191	
0001670254-21-001419	C	20211223	0001897152	020-29429	
0001665160-21-002298	C	20211222	0001820920	020-29428	
0001665160-21-002294	C/A	20211222	0001894308	020-29370	
0001669191-21-001266	C-U	20211222	0001831549	020-27199	
0001665160-21-002292	C	20211222	0001894423	020-29426	
0001670254-21-001417	C	20211222	0001732206	020-29425	
0001875369-21-000005	C/A	20211222	0001875369	020-29110	
0001885073-21-000002	C/A	20211222	0001885073	020-28837	
0001665160-21-002287	C	20211222	0001654386	020-29424	
0001670254-21-001414	C	20211222	0001891082	020-29422	
0001670254-21-001407	C	20211222	0001876789	020-29419	
0001856560-21-000002	C-W	20211222	0001856560	020-28157	
0001665160-21-002283	C/A	20211222	0001889936	020-29394	
0001670254-21-001410	C	20211222	0001896296	020-29421	
0001670254-21-001408	C	20211222	0001833502	020-29420	
0001665160-21-002284	C/A	20211222	0001585201	020-29016	
0001670254-21-001416	C/A	20211222	0001790587	020-26307	
0001665160-21-002281	C/A	20211221	0001784430	020-28271	
0001665160-21-002279	C/A	20211221	0001816555	020-26586	
0001835500-21-000001	C	20211221	0001835500	020-29418	
0001665160-21-002278	C-U	20211221	0001863653	020-28266	
0001670254-21-001403	C	20211221	0001833354	020-29417	
0001665160-21-002277	C	20211221	0001590725	020-29416	
0001665160-21-002274	C	20211221	0001627490	020-29414	
0001669191-21-001263	C-U	20211221	0001692023	020-28145	
0001669191-21-001260	C/A	20211221	0001880315	020-29329	
0001898330-21-000001	C	20211221	0001898330	020-29412	
0001670254-21-001402	C/A	20211221	0001826904	020-27306	
0001670254-21-001401	C-W	20211221	0001825186	020-28976	
0001665160-21-002270	C-AR/A	20211221	0001810373	020-26340	20201231
0001747584-21-000030	C-U	20211221	0001870139	020-28951	
0001665160-21-002271	C/A	20211221	0001799227	020-28423	
0001670254-21-001398	C	20211221	0001894636	020-29411	
0001746059-21-000623	C	20211220	0001899357	020-29410	
0001853183-21-000005	C/A	20211220	0001853183	020-27885	
0001669191-21-001257	C	20211220	0001887047	020-29409	
0001669191-21-001254	C	20211220	0001896461	020-29407	
0001665160-21-002268	C/A-W	20211220	0001899670	020-29376	
0001867385-21-000005	C/A	20211220	0001867385	020-29104	
0001665160-21-002266	C	20211220	0001663794	020-29405	
0001670254-21-001396	C	20211220	0001868893	020-29404	
0001665160-21-002264	C-U	20211220	0001702255	020-26140	
0001742162-21-000018	C/A	20211220	0001742162	020-28238	
0001746059-21-000622	C-U	20211220	0001880084	020-28993	
0001746059-21-000621	C-U	20211220	0001885746	020-28947	
0001746059-21-000620	C-U	20211220	0001888708	020-28997	
0001746059-21-000619	C-W	20211220	0001888161	020-28982	
0001665160-21-002261	C-AR/A	20211220	0001721907	020-23783	20201231
0001665160-21-002257	C/A	20211220	0001899670	020-29376	
0001746059-21-000616	C/A	20211220	0001898218	020-29398	
0001670254-21-001394	C	20211220	0001899778	020-29402	
0001665160-21-002263	C/A	20211220	0001812658	020-28335	
0001746059-21-000617	C	20211220	0001899422	020-29399	
0001897710-21-000001	C	20211220	0001897710	020-29400	
0001746059-21-000618	C	20211220	0001900018	020-29401	
0001746059-21-000615	C/A	20211217	0001846900	020-27777	
0001665160-21-002255	C-AR/A	20211217	0001828347	020-27251	20201231
0001794222-21-000003	C/A	20211217	0001794222	020-29028	
0001665160-21-002252	C-AR/A	20211217	0001764570	020-26545	20201231
0001665160-21-002250	C/A	20211217	0001812658	020-28335	
0001746059-21-000614	C/A	20211217	0001893027	020-29372	
0001859717-21-000004	C/A	20211217	0001859717	020-28075	
0001885405-21-000005	C/A	20211217	0001885405	020-28919	
0001665160-21-002241	C-AR/A	20211217	0001584709	020-27054	20201231
0001746059-21-000613	C	20211217	0001898218	020-29398	
0001858449-21-000008	C/A	20211217	0001858449	020-28811	
0001872382-21-000010	C-U	20211217	0001872382	020-28389	
0001665160-21-002234	C	20211217	0001884602	020-29397	
0001665160-21-002232	C	20211217	0001890401	020-29396	
0001665160-21-002229	C	20211217	0001889936	020-29394	
0001897215-21-000001	C	20211217	0001897215	020-29392	
0001665160-21-002227	C/A	20211217	0001718594	020-28995	
0001844955-21-000004	C-U	20211217	0001844955	020-28942	
0001839828-21-000004	C-U	20211217	0001839828	020-27554	
0001665160-21-002226	C-AR/A	20211216	0001721907	020-23783	20201231
0001665160-21-002224	C/A	20211216	0001863996	020-28176	
0001665160-21-002223	C	20211216	0001897790	020-29391	
0001670254-21-001392	C	20211216	0001896397	020-29390	
0001746059-21-000612	C	20211216	0001899918	020-29389	
0001897390-21-000001	C	20211216	0001897390	020-29388	
0001665160-21-002222	C	20211216	0001824939	020-29387	
0001665160-21-002221	C/A	20211216	0001891966	020-29366	
0001665160-21-002218	C	20211216	0001830585	020-29385	
0001665160-21-002217	C-AR/A	20211216	0001838432	020-27460	20201231
0001665160-21-002215	C/A	20211216	0001847180	020-27864	
0001669191-21-001251	C/A	20211216	0001838198	020-27879	
0001665160-21-002214	C/A	20211216	0001805056	020-27845	
0001879211-21-000004	C/A	20211216	0001879211	020-28769	
0001896853-21-000003	C/A	20211216	0001896853	020-29313	
0001665160-21-002213	C	20211216	0001742055	020-29384	
0001670254-21-001390	C	20211216	0001891385	020-29383	
0001746059-21-000611	C	20211216	0001899719	020-29381	
0001670254-21-001388	C	20211216	0001896449	020-29380	
0001805081-21-000003	C	20211216	0001805081	020-29379	
0001670254-21-001386	C	20211216	0001892348	020-29378	
0001665160-21-002210	C-U	20211216	0001830585	020-27179	
0001665160-21-002209	C-U	20211216	0001838432	020-27460	
0001665160-21-002207	C	20211216	0001899670	020-29376	
0001702607-21-000001	C/A	20211216	0001702607	020-24319	
0001866542-21-000003	C/A	20211216	0001866542	020-28323	
0001746059-21-000610	C-U	20211216	0001877283	020-29031	
0001746059-21-000608	C-U	20211216	0001887946	020-28966	
0001746059-21-000609	C-U	20211216	0001873095	020-28491	
0001665160-21-002204	C	20211216	0001502311	020-29371	
0001833027-21-000003	C-U	20211216	0001833027	020-28636	
0001670254-21-001384	C	20211216	0001898648	020-29374	
0001670254-21-001382	C	20211216	0001898381	020-29373	
0001746059-21-000607	C	20211216	0001893027	020-29372	
0001665160-21-002202	C	20211215	0001894308	020-29370	
0001669191-21-001248	C	20211215	0001865706	020-29369	
0001665160-21-002201	C-U	20211215	0001847227	020-27797	
0001665160-21-002199	C	20211215	0001899326	020-29367	
0001665160-21-002198	C-U	20211215	0001818192	020-26653	
0001665160-21-002196	C	20211215	0001891966	020-29366	
0001665160-21-002192	C	20211215	0001717657	020-29364	
0001665160-21-002190	C/A	20211215	0001870763	020-29083	
0001746059-21-000606	C	20211215	0001897059	020-29362	
0001665160-21-002187	C/A	20211215	0001807844	020-29000	
0001669191-21-001244	C	20211215	0001876748	020-29361	
0001665160-21-002185	C-U	20211215	0001861510	020-28253	
0001665160-21-002184	C-U	20211215	0001862238	020-28237	
0001746059-21-000605	C-U	20211215	0001887933	020-28955	
0001895196-21-000001	C	20211215	0001895196	020-29359	
0001781955-21-000011	C/A	20211215	0001781955	020-28102	
0001746059-21-000604	C-W	20211215	0001882707	020-28830	
0001781955-21-000009	C/A	20211215	0001863224	020-28481	
0001896763-21-000001	C	20211215	0001896763	020-29358	
0001670254-21-001380	C-AR	20211215	0001792908	020-25828	20201231
0001675390-21-000001	C	20211215	0001675390	020-29357	
0001670254-21-001379	C/A	20211215	0001797650	020-28714	
0001665160-21-002182	C-AR/A	20211215	0001830585	020-27179	20201231
0001670254-21-001377	C	20211215	0001762936	020-29355	
0001856027-21-000005	C-U	20211215	0001856027	020-28625	
0001669191-21-001242	C/A	20211214	0001877907	020-28683	
0001857848-21-000003	C/A	20211214	0001857848	020-29268	
0001669191-21-001240	C/A	20211214	0001840095	020-28483	
0001746059-21-000603	C-U	20211214	0001887969	020-28968	
0001747584-21-000029	C	20211214	0001896328	020-29354	
0001670254-21-001375	C	20211214	0001896791	020-29352	
0001665160-21-002179	C-U	20211214	0001691407	020-27819	
0001669191-21-001237	C	20211214	0001801037	020-29351	
0001802152-21-000002	C	20211214	0001802152	020-29349	
0001857547-21-000004	C-U	20211214	0001857547	020-28494	
0001670254-21-001371	C	20211214	0001879292	020-29347	
0001670254-21-001373	C	20211214	0001898892	020-29348	
0001670254-21-001369	C	20211214	0001760488	020-29346	
0001665160-21-002178	C/A	20211213	0001828683	020-28570	
0001670254-21-001367	C-U	20211213	0001760488	020-26533	
0001665160-21-002176	C/A	20211213	0001830723	020-28657	
0001665160-21-002173	C-AR/A	20211213	0001827698	020-27360	20201231
0001746059-21-000602	C	20211213	0001856205	020-29345	
0001665160-21-002171	C/A	20211213	0001835691	020-28251	
0001670254-21-001365	C	20211213	0001896749	020-29344	
0001665160-21-002170	C/A	20211213	0001872421	020-28555	
0001669191-21-001234	C/A	20211213	0001875441	020-28616	
0001669191-21-001232	C/A	20211213	0001887244	020-28958	
0001665160-21-002168	C/A	20211213	0001784785	020-28241	
0001665160-21-002167	C/A	20211213	0001803288	020-28725	
0001683827-21-000006	C-U	20211213	0001683827	020-28312	
0001896319-21-000001	C	20211213	0001896319	020-29343	
0001851491-21-000010	C-U	20211213	0001851491	020-27815	
0001665160-21-002166	C/A	20211213	0001885239	020-28845	
0001665160-21-002165	C/A	20211213	0001803721	020-26174	
0001871405-21-000006	C-W	20211213	0001837629	020-29188	
0001871405-21-000007	C-U	20211213	0001871405	020-28704	
0001896352-21-000001	C	20211213	0001896352	020-29337	
0001670254-21-001357	C	20211213	0001897427	020-29336	
0001670254-21-001362	C	20211213	0001836287	020-29340	
0001670254-21-001360	C	20211213	0001894658	020-29339	
0001746059-21-000601	C/A	20211210	0001898487	020-29334	
0001746059-21-000600	C	20211210	0001898487	020-29334	
0001746059-21-000599	C/A	20211210	0001897207	020-29305	
0001879942-21-000001	C-U	20211210	0001879942	020-29168	
0001897601-21-000006	C	20211210	0001897601	020-29333	
0001746059-21-000598	C/A	20211210	0001898435	020-29330	
0001880617-21-000002	C/A	20211210	0001880617	020-28673	
0001792908-21-000009	C-W	20211210	0001792908	020-28540	
0001670254-21-001356	C	20211209	0001815457	020-29331	
0001746059-21-000597	C	20211209	0001898435	020-29330	
0001669191-21-001230	C/A	20211209	0001833956	020-27302	
0001669191-21-001228	C/A	20211209	0001865085	020-28317	
0001669191-21-001226	C/A	20211209	0001844597	020-27841	
0001669191-21-001224	C/A	20211209	0001874825	020-28546	
0001669191-21-001222	C/A	20211209	0001880958	020-29039	
0001669191-21-001220	C/A	20211209	0001776458	020-28361	
0001665160-21-002164	C-U	20211209	0001862802	020-28528	
0001665160-21-002163	C-W	20211209	0001866755	020-28257	
0001669191-21-001217	C	20211209	0001880315	020-29329	
0001669191-21-001214	C/A	20211209	0001886644	020-29101	
0001669191-21-001212	C/A	20211209	0001736692	020-27500	
0001746059-21-000596	C	20211209	0001897843	020-29327	
0001669191-21-001210	C/A	20211209	0001871144	020-29259	
0001837254-21-000016	C/A	20211209	0001837254	020-27400	
0001669191-21-001207	C	20211209	0001807632	020-29326	
0001669191-21-001205	C	20211209	0001866613	020-29324	
0001888810-21-000005	C/A	20211209	0001888810	020-29263	
0001665160-21-002162	C-W	20211209	0001879234	020-28660	
0001665160-21-002161	C/A	20211209	0001891893	020-29278	
0001761537-21-000004	C-U	20211209	0001761537	020-28658	
0001746059-21-000595	C	20211208	0001896301	020-29322	
0001665160-21-002159	C/A	20211208	0001714989	020-29229	
0001670254-21-001355	C-AR	20211208	0001815457	020-26527	20201231
0001746059-21-000594	C/A	20211208	0001894240	020-29196	
0001669191-21-001202	C/A	20211208	0001781225	020-28043	
0001746059-21-000593	C/A	20211208	0001861444	020-29057	
0001858432-21-000004	C/A	20211208	0001858432	020-29321	
0001665160-21-002154	C/A	20211207	0001861899	020-28208	
0001858432-21-000002	C	20211207	0001858432	020-29321	
0001665160-21-002153	C-U	20211207	0001768911	020-25444	
0001665160-21-002152	C-U	20211207	0001875894	020-28786	
0001746059-21-000592	C	20211207	0001894939	020-29320	
0001890316-21-000002	C-U	20211207	0001890316	020-29106	
0001665160-21-002151	C-U	20211207	0001864407	020-28207	
0001746059-21-000591	C-W	20211207	0001884967	020-28965	
0001891794-21-000003	C/A	20211207	0001891794	020-29311	
0001746059-21-000590	C-W	20211207	0001886823	020-28967	
0001746059-21-000589	C-W	20211207	0001880672	020-28708	
0001746059-21-000588	C-W	20211207	0001885948	020-28939	
0001870897-21-000006	C/A	20211207	0001870897	020-28889	
0001746059-21-000587	C-W	20211207	0001880434	020-28908	
0001670254-21-001353	C	20211206	0001829563	020-29319	
0001665160-21-002150	C-AR	20211206	0001742055	020-24642	20201231
0001665160-21-002148	C-U	20211206	0001742055	020-26500	
0001890178-21-000001	C	20211206	0001890178	020-29318	
0001746059-21-000586	C/A	20211206	0001883820	020-28797	
0001665160-21-002146	C/A	20211206	0001850042	020-28228	
0001669191-21-001200	C/A	20211206	0001776458	020-28361	
0001669191-21-001198	C/A	20211206	0001847373	020-27674	
0001746059-21-000585	C	20211206	0001896717	020-29317	
0001644600-21-000140	C	20211206	0001693046	020-29316	
0001665160-21-002145	C-U	20211206	0001863991	020-28172	
0001746059-21-000584	C-W	20211206	0001883276	020-28765	
0001896853-21-000002	C	20211206	0001896853	020-29313	
0001891794-21-000001	C	20211206	0001891794	020-29311	
0001665160-21-002144	C/A	20211206	0001865086	020-29131	
0001824158-21-000003	C-U	20211206	0001824158	020-28561	
0001862075-21-000003	C/A	20211206	0001862075	020-29280	
0001780439-21-000019	C/A	20211206	0001837104	020-28520	
0001670254-21-001351	C	20211206	0001889745	020-29310	
0001896654-21-000001	C	20211206	0001896654	020-29309	
0001670254-21-001348	C	20211206	0001888573	020-29307	
0001670254-21-001350	C	20211206	0001888815	020-29308	
0001833366-21-000004	C-W	20211203	0001833366	020-28345	
0001746059-21-000583	C/A	20211203	0001885255	020-28884	
0001670254-21-001347	C-U	20211203	0001829563	020-27085	
0001669191-21-001196	C/A	20211203	0001880038	020-28775	
0001670254-21-001345	C	20211203	0001889747	020-29306	
0001746059-21-000582	C	20211203	0001897207	020-29305	
0001665160-21-002142	C/A	20211203	0001685404	020-28436	
0001887215-21-000001	C	20211203	0001887215	020-29304	
0001669191-21-001194	C/A	20211203	0001887244	020-28958	
0001665160-21-002141	C-U	20211203	0001862090	020-28104	
0001669191-21-001192	C-U	20211203	0001859173	020-28109	
0001669191-21-001190	C-U	20211203	0001847151	020-28118	
0001861588-21-000005	C/A	20211203	0001861588	020-28083	
0001669191-21-001188	C-U	20211203	0001847155	020-28065	
0001670254-21-001343	C	20211203	0001846881	020-29303	
0001670254-21-001341	C	20211203	0001870725	020-29302	
0001670254-21-001339	C	20211203	0001732628	020-29301	
0001746059-21-000581	C/A	20211202	0001890728	020-29099	
0001665160-21-002138	C/A	20211202	0001896286	020-29275	
0001746059-21-000580	C/A	20211202	0001768621	020-28931	
0001644600-21-000137	C/A	20211202	0001857283	020-28752	
0001036148-21-000003	C	20211202	0001036148	020-29300	
0001669191-21-001185	C/A	20211202	0001880650	020-29299	
0001669191-21-001183	C	20211202	0001880650	020-29299	
0001670254-21-001337	C	20211202	0001802249	020-29297	
0001791223-21-000007	C-AR/A	20211202	0001791223	020-25989	20211027
0001670254-21-001338	C/A	20211202	0001855816	020-28024	
0001665160-21-002137	C/A	20211201	0001815995	020-28695	
0001665160-21-002136	C-U	20211201	0001845509	020-28387	
0001812129-21-000007	C/A	20211201	0001812129	020-28276	
0001670254-21-001335	C	20211201	0001829940	020-29296	
0001669191-21-001180	C/A	20211201	0001844802	020-27806	
0001669191-21-001179	C/A	20211201	0001844802	020-27806	
0001736664-21-000026	C/A	20211201	0001736664	020-24293	
0001669191-21-001178	C/A	20211201	0001826924	020-27050	
0001665160-21-002135	C-U	20211201	0001573591	020-26801	
0001669191-21-001176	C/A	20211201	0001876786	020-28718	
0001644600-21-000136	C/A	20211201	0001862115	020-28245	
0001896560-21-000001	C	20211201	0001896560	020-29295	
0001889699-21-000003	C-U	20211201	0001889699	020-29109	
0001842838-21-000005	C	20211201	0001877724	020-29294	
0001670254-21-001333	C	20211201	0001892714	020-29291	
0001670254-21-001331	C/A	20211201	0001877302	020-28549	
0001842838-21-000003	C	20211201	0001842838	020-29293	
0001665160-21-002133	C	20211201	0001890188	020-29288	
0001669191-21-001174	C/A	20211201	0001880310	020-28843	
0001864603-21-000002	C	20211201	0001864603	020-29289	
0001670254-21-001334	C-U	20211201	0001833354	020-27286	
0001746059-21-000579	C	20211201	0001895865	020-29290	
0001864603-21-000005	C	20211201	0001831877	020-29292	
0001670254-21-001329	C	20211130	0001831335	020-29287	
0001644600-21-000135	C	20211130	0001896064	020-29286	
0001895723-21-000001	C	20211130	0001895723	020-29285	
0001665160-21-002131	C	20211130	0001894747	020-29283	
0001862075-21-000001	C	20211130	0001862075	020-29280	
0001665160-21-002129	C-U	20211130	0001827695	020-27257	
0001874824-21-000007	C/A	20211130	0001874824	020-28826	
0001665160-21-002128	C-U	20211130	0001869347	020-28305	
0001665160-21-002126	C	20211130	0001896312	020-29279	
0001874824-21-000006	C/A	20211130	0001874824	020-28826	
0001665160-21-002125	C	20211130	0001891893	020-29278	
0001665160-21-002124	C	20211130	0001875242	020-29277	
0001665160-21-002121	C	20211130	0001896286	020-29275	
0001864224-21-000005	C	20211130	0001864224	020-29274	
0001670254-21-001328	C	20211130	0001806999	020-29273	
0001665160-21-002120	C/A	20211130	0001896281	020-29272	
0001669191-21-001172	C/A	20211130	0001843633	020-27743	
0001665160-21-002118	C	20211130	0001896281	020-29272	
0001669191-21-001170	C/A	20211130	0001865085	020-28317	
0001669191-21-001168	C/A	20211130	0001840095	020-28483	
0001746059-21-000578	C/A	20211130	0001886366	020-28936	
0001746059-21-000577	C/A	20211130	0001826247	020-28150	
0001861802-21-000003	C-U	20211130	0001861802	020-28518	
0001665160-21-002115	C	20211130	0001893098	020-29270	
0001644600-21-000130	C-U	20211130	0001763491	020-25267	
0001821982-21-000016	C/A	20211130	0001884016	020-29009	
0001670254-21-001324	C	20211130	0001804166	020-29266	
0001670254-21-001326	C	20211130	0001887658	020-29267	
0001857848-21-000002	C	20211130	0001857848	020-29268	
0001888810-21-000004	C	20211130	0001744818	020-29265	
0001894171-21-000001	C	20211129	0001894171	020-29264	
0001665160-21-002113	C-U	20211129	0001758964	020-27229	
0001813321-21-000004	C-U	20211129	0001812129	020-28276	
0001888810-21-000003	C	20211129	0001888810	020-29263	
0001845905-21-000004	C	20211129	0001845905	020-29262	
0001880280-21-000001	C	20211129	0001880280	020-29261	
0001665160-21-002112	C-U	20211129	0001844273	020-27709	
0001665160-21-002111	C-U	20211129	0001808212	020-27713	
0001746059-21-000576	C-U	20211129	0001871342	020-28870	
0001746059-21-000575	C-U	20211129	0001873054	020-28409	
0001746059-21-000574	C-U	20211129	0001883164	020-28894	
0001669191-21-001166	C/A	20211129	0001881768	020-28874	
0001746059-21-000573	C-W	20211129	0001881907	020-28776	
0001669191-21-001164	C/A	20211129	0001867138	020-28464	
0001746059-21-000572	C-W	20211129	0001884872	020-28823	
0001669191-21-001162	C/A	20211129	0001718028	020-28859	
0001665160-21-002109	C	20211129	0001890878	020-29260	
0001669191-21-001160	C/A	20211129	0001823018	020-26869	
0001669191-21-001158	C/A	20211129	0001872848	020-28522	
0001665160-21-002108	C/A	20211129	0001791683	020-28174	
0001665160-21-002107	C/A	20211129	0001793445	020-28707	
0001737679-21-000006	C-U	20211129	0001856560	020-28157	
0001737679-21-000005	C-U	20211129	0001737679	020-27582	
0001746059-21-000571	C-W	20211129	0001884080	020-28821	
0001665160-21-002106	C/A	20211129	0001838790	020-27440	
0001669191-21-001155	C	20211126	0001871144	020-29259	
0001670254-21-001323	C/A	20211126	0001859753	020-28324	
0001746059-21-000570	C	20211126	0001803385	020-29257	
0001746059-21-000569	C	20211126	0001895652	020-29256	
0001891790-21-000007	C	20211126	0001891790	020-29255	
0001882590-21-000001	C	20211126	0001882590	020-29252	
0001665160-21-002104	C	20211126	0001893113	020-29251	
0001665160-21-002103	C-U	20211124	0001847466	020-27874	
0001665160-21-002102	C/A	20211124	0001878371	020-28572	
0001665160-21-002100	C	20211124	0001783271	020-29250	
0001837254-21-000015	C/A	20211124	0001837254	020-27400	
0001665160-21-002099	C/A	20211124	0001821518	020-29216	
0001665160-21-002097	C/A	20211124	0001863996	020-28176	
0001881328-21-000002	C/A	20211124	0001881328	020-28841	
0001746059-21-000568	C/A	20211124	0001881218	020-28787	
0001746059-21-000567	C-W	20211124	0001879862	020-28662	
0001665160-21-002096	C-U	20211124	0001864866	020-28183	
0001665160-21-002095	C-U	20211124	0001824937	020-28116	
0001746059-21-000566	C/A	20211124	0001882827	020-28820	
0001665160-21-002094	C-U	20211124	0001794074	020-28007	
0001665160-21-002092	C	20211124	0001827706	020-29249	
0001665160-21-002089	C-U	20211124	0001783271	020-27249	
0001670254-21-001319	C	20211124	0001895299	020-29245	
0001665160-21-002088	C-U	20211124	0001846881	020-28669	
0001670254-21-001321	C	20211124	0001714646	020-29246	
0001746059-21-000565	C	20211123	0001882663	020-29244	
0001746059-21-000563	C	20211123	0001894272	020-29243	
0001746059-21-000562	C/A	20211123	0001660271	020-28396	
0001827501-21-000005	C/A	20211123	0001827501	020-27247	
0001670254-21-001317	C	20211123	0001894614	020-29242	
0001665160-21-002086	C	20211123	0001714819	020-29241	
0001670254-21-001316	C/A	20211123	0001881527	020-28788	
0001669191-21-001152	C/A	20211123	0001523215	020-27847	
0001868902-21-000003	C	20211123	0001868902	020-29239	
0001893768-21-000001	C	20211123	0001893768	020-29238	
0001666102-21-000023	C/A	20211123	0001891545	020-29220	
0001746059-21-000561	C	20211123	0001894960	020-29237	
0001894288-21-000002	C/A	20211123	0001867385	020-29104	
0001894288-21-000001	C	20211123	0001894288	020-29236	
0001746059-21-000560	C-U	20211123	0001880595	020-28810	
0001665160-21-002083	C	20211123	0001891882	020-29235	
0001746059-21-000559	C-W	20211123	0001882250	020-28730	
0001746059-21-000558	C-U	20211123	0001875485	020-28484	
0001665160-21-002080	C	20211123	0001890306	020-29233	
0001665160-21-002078	C	20211123	0001894427	020-29231	
0001213900-21-061360	C-W	20211123	0001829940	020-27418	
0001665160-21-002076	C/A	20211123	0001707515	020-27781	
0001665160-21-002073	C	20211122	0001714989	020-29229	
0001665160-21-002071	C-U	20211122	0001830909	020-28858	
0001213900-21-061125	C	20211122	0001580095	020-29226	
0001665160-21-002069	C/A	20211122	0001478985	020-28170	
0001665160-21-002068	C/A	20211122	0001775046	020-28924	
0001670254-21-001314	C	20211122	0001894760	020-29223	
0001837254-21-000014	C-U	20211122	0001837254	020-27400	
0001860502-21-000005	C-U	20211122	0001798341	020-28350	
0001860502-21-000004	C-U	20211122	0001860502	020-28284	
0001666102-21-000022	C	20211122	0001891905	020-29221	
0001666102-21-000021	C	20211122	0001891545	020-29220	
0001889135-21-000001	C	20211122	0001889135	020-29219	
0001665160-21-002064	C	20211119	0001791721	020-29217	
0001665160-21-002063	C-W	20211119	0001869592	020-28365	
0001665160-21-002062	C/A	20211119	0001878371	020-28572	
0001669191-21-001150	C/A	20211119	0001803793	020-28679	
0001669191-21-001148	C/A	20211119	0001857342	020-28727	
0001669191-21-001147	C/A	20211119	0001841084	020-28215	
0001665160-21-002061	C/A	20211119	0001803159	020-26218	
0001827264-21-000011	C/A	20211119	0001827264	020-27507	
0001853183-21-000004	C/A	20211119	0001853183	020-27885	
0001665160-21-002059	C	20211119	0001821518	020-29216	
0001665160-21-002057	C/A	20211119	0001889564	020-29026	
0001665160-21-002055	C/A	20211119	0001764570	020-28301	
0001690433-21-000009	C/A	20211119	0001690433	020-28325	
0001665160-21-002054	C-U	20211119	0001791721	020-25787	
0001665160-21-002052	C-U	20211119	0001863182	020-28135	
0001665160-21-002049	C	20211119	0001894241	020-29214	
0001746059-21-000557	C	20211119	0001894767	020-29213	
0001866890-21-000003	C-U	20211119	0001866890	020-28403	
0001890670-21-000005	C/A	20211119	0001890670	020-29175	
0001894384-21-000001	C	20211119	0001894384	020-29212	
0001890670-21-000004	C/A	20211119	0001890670	020-29175	
0001862162-21-000008	C/A	20211119	0001862162	020-28519	
0001827501-21-000004	C/A	20211119	0001827501	020-27247	
0001665160-21-002047	C	20211118	0001888139	020-29211	
0001890670-21-000003	C/A	20211118	0001890670	020-29175	
0001853811-21-000001	C	20211118	0001853811	020-29209	
0001669191-21-001143	C/A	20211118	0001865085	020-28317	
0001665160-21-002045	C/A	20211118	0001810371	020-28191	
0001665160-21-002044	C	20211118	0001894511	020-29208	
0001892861-21-000002	C/A	20211118	0001892861	020-29202	
0001665160-21-002042	C/A	20211118	0001812444	020-26441	
0001670254-21-001312	C	20211118	0001880364	020-29206	
0001665160-21-002040	C	20211118	0001885466	020-29205	
0001670254-21-001310	C	20211118	0001880364	020-29204	
0001665160-21-002038	C/A	20211118	0001873457	020-28867	
0001886014-21-000004	C	20211118	0001892861	020-29202	
0001886014-21-000003	C	20211118	0001893970	020-29201	
0001886014-21-000001	C	20211118	0001886014	020-29200	
0001863224-21-000005	C/A	20211118	0001885738	020-29169	
0001863224-21-000004	C/A	20211118	0001781955	020-28102	
0001863224-21-000003	C/A	20211118	0001863224	020-28481	
0001665160-21-002035	C	20211118	0001844202	020-29199	
0001665160-21-002031	C-U	20211118	0001791721	020-25787	
0001670254-21-001309	C/A	20211118	0001894018	020-29197	
0001670254-21-001306	C	20211118	0001894018	020-29197	
0001759667-21-000007	C-W	20211118	0001759667	020-27926	
0001670254-21-001308	C/A	20211118	0001894018	020-29197	
0001746059-21-000556	C	20211117	0001894240	020-29196	
0001613899-21-000007	C/A	20211117	0001613899	020-28643	
0001613899-21-000006	C/A	20211117	0001613899	020-28643	
0001669191-21-001141	C/A	20211117	0001852776	020-28751	
0001669191-21-001139	C	20211117	0001890695	020-29195	
0001669191-21-001135	C	20211117	0001590167	020-29193	
0001669191-21-001134	C	20211117	0001590167	020-29192	
0001571942-21-000006	C-U	20211117	0001571942	020-28410	
0001670254-21-001304	C	20211117	0001804422	020-29190	
0001669191-21-001132	C/A	20211117	0001880038	020-28775	
0001869075-21-000002	C-U	20211117	0001869075	020-28499	
0001670254-21-001302	C	20211117	0001836752	020-29189	
0001665160-21-002030	C/A	20211117	0001812076	020-26950	
0001837629-21-000001	C	20211117	0001837629	020-29188	
0001851491-21-000009	C-U	20211117	0001851491	020-27815	
0001669191-21-001130	C/A	20211116	0001840095	020-28483	
0001880446-21-000005	C-U	20211116	0001804624	020-28728	
0001880446-21-000004	C-U	20211116	0001886169	020-28902	
0001880446-21-000003	C-U	20211116	0001880446	020-28696	
0001891254-21-000004	C/A	20211116	0001891254	020-29153	
0001665160-21-002028	C	20211116	0001893866	020-29187	
0001888486-21-000001	C	20211116	0001888486	020-29185	
0001670254-21-001301	C/A	20211116	0001745699	020-28637	
0001876596-21-000002	C	20211116	0001876596	020-29184	
0001670254-21-001299	C	20211116	0001894006	020-29183	
0001670254-21-001295	C	20211116	0001893994	020-29181	
0001872382-21-000009	C-U	20211116	0001872382	020-28389	
0001670254-21-001297	C	20211116	0001894007	020-29182	
0001670254-21-001293	C	20211115	0001877304	020-29180	
0001669191-21-001128	C/A	20211115	0001790927	020-26443	
0001670254-21-001291	C	20211115	0001892350	020-29179	
0001665160-21-002026	C-U	20211115	0001816937	020-28025	
0001665160-21-002025	C/A	20211115	0001880327	020-28848	
0001665160-21-002023	C/A	20211115	0001862802	020-28528	
0001665160-21-002021	C	20211115	0001892767	020-29178	
0001665160-21-002019	C-TR	20211115	0001704108	020-23716	
0001874177-21-000001	C	20211115	0001874177	020-29176	
0001669191-21-001120	C/A	20211115	0001719420	020-29144	
0001669191-21-001118	C/A	20211115	0001776458	020-28361	
0001866638-21-000003	C-U	20211115	0001866638	020-28668	
0001746059-21-000555	C-U	20211115	0001881855	020-28732	
0001746059-21-000554	C-W	20211115	0001879842	020-28856	
0001665160-21-002017	C/A	20211115	0001825442	020-28154	
0001837254-21-000013	C-U	20211115	0001837254	020-27400	
0001746059-21-000553	C-W	20211115	0001882414	020-28734	
0001665160-21-002015	C/A	20211115	0001791992	020-25774	
0001746059-21-000552	C-W	20211115	0001873894	020-28424	
0001890670-21-000001	C	20211115	0001890670	020-29175	
0001888287-21-000002	C	20211115	0001890766	020-29173	
0001887230-21-000001	C	20211115	0001887230	020-29174	
0001665160-21-002014	C/A	20211115	0001892374	020-29172	
0001665160-21-002010	C	20211112	0001892374	020-29172	
0001665160-21-002008	C-U	20211112	0001881157	020-28687	
0001888287-21-000001	C	20211112	0001888287	020-29170	
0001665160-21-002006	C-U	20211112	0001827706	020-27129	
0001856356-21-000006	C-U	20211112	0001856356	020-28308	
0001856356-21-000005	C/A-W	20211112	0001856356	020-28308	
0001885738-21-000001	C	20211112	0001885738	020-29169	
0001665160-21-002005	C-W	20211112	0001736304	020-29154	
0001665160-21-002004	C-W	20211112	0001736304	020-29162	
0001669191-21-001116	C/A	20211112	0001877907	020-28683	
0001193125-21-327931	C	20211112	0001879942	020-29168	
0001665160-21-002003	C	20211112	0001892473	020-29167	
0001670254-21-001289	C	20211112	0001883761	020-29163	
0001861802-21-000002	C/A	20211112	0001861802	020-28518	
0001665160-21-002002	C	20211112	0001736304	020-29162	
0001670254-21-001287	C	20211112	0001891057	020-29160	
0001665160-21-002001	C-U	20211112	0001844202	020-27608	
0001789922-21-000002	C	20211112	0001789922	020-29159	
0001845790-21-000003	C/A	20211112	0001845790	020-27897	
0001665160-21-001999	C	20211112	0001884645	020-29158	
0001834841-21-000002	C	20211112	0001834841	020-29156	
0001665160-21-001996	C	20211112	0001809263	020-29155	
0001665160-21-001995	C	20211112	0001736304	020-29154	
0001891254-21-000001	C	20211112	0001891254	020-29153	
0001665160-21-001994	C/A	20211112	0001797125	020-25976	
0001665160-21-001993	C/A	20211112	0001846881	020-28669	
0001870693-21-000003	C/A	20211112	0001870693	020-28632	
0001850557-21-000009	C/A	20211112	0001850557	020-28059	
0001670254-21-001285	C	20211112	0001884266	020-29147	
0001670254-21-001284	C/A	20211112	0001825186	020-28977	
0001863157-21-000002	C/A	20211110	0001863157	020-28332	
0001670254-21-001282	C/A	20211110	0001888569	020-29030	
0001669191-21-001114	C	20211110	0001719420	020-29144	
0001746059-21-000551	C	20211110	0001889805	020-29142	
0001665160-21-001989	C	20211110	0001887700	020-29140	
0001665160-21-001991	C	20211110	0001736304	020-29141	
0001670254-21-001280	C	20211110	0001710812	020-29138	
0001875954-21-000003	C-U	20211110	0001878785	020-28601	
0001875954-21-000002	C-U	20211110	0001875954	020-28493	
0001746059-21-000550	C	20211110	0001891895	020-29137	
0001670254-21-001279	C/A	20211110	0001674153	020-29105	
0001746059-21-000549	C/A	20211110	0001833795	020-28760	
0001670254-21-001278	C	20211110	0001840276	020-29136	
0001885303-21-000007	C-U	20211110	0001885303	020-29060	
0001670254-21-001277	C/A	20211110	0001885454	020-28917	
0001665160-21-001984	C/A	20211110	0001859835	020-28067	
0001881146-21-000003	C-U	20211110	0001881146	020-28699	
0001665160-21-001982	C	20211110	0001890225	020-29133	
0001746059-21-000548	C	20211109	0001891687	020-29132	
0001665160-21-001978	C	20211109	0001865086	020-29131	
0001665160-21-001977	C-U	20211109	0001823354	020-26963	
0001665160-21-001974	C	20211109	0001891331	020-29129	
0001670254-21-001275	C	20211109	0001892342	020-29128	
0001788777-21-000006	C/A	20211109	0001889963	020-29054	
0001850557-21-000008	C/A	20211109	0001850557	020-28059	
0001665160-21-001972	C	20211109	0001725567	020-29127	
0001892930-21-000001	C	20211109	0001892930	020-29125	
0001670254-21-001274	C/A	20211109	0001855760	020-27981	
0001669191-21-001111	C/A	20211109	0001776458	020-28361	
0001665160-21-001970	C-U	20211109	0001785581	020-25741	
0001669191-21-001109	C-W	20211109	0001866924	020-28512	
0001873827-21-000002	C-U	20211109	0001873827	020-28498	
0001746059-21-000547	C-W	20211109	0001871652	020-28611	
0001746059-21-000546	C-W	20211108	0001885542	020-28912	
0001780439-21-000017	C/A	20211108	0001837104	020-28520	
0001665160-21-001968	C/A	20211108	0001835691	020-28251	
0001669191-21-001107	C	20211108	0001841998	020-29124	
0001670254-21-001271	C-U	20211108	0001859844	020-28061	
0001875534-21-000002	C/A	20211108	0001875534	020-28624	
0001665160-21-001967	C/A	20211108	0001868235	020-28408	
0001669191-21-001104	C/A	20211108	0001854591	020-27881	
0001747584-21-000027	C-U	20211108	0001851236	020-27843	
0001669191-21-001102	C/A	20211108	0001798352	020-26134	
0001669191-21-001100	C/A	20211108	0001876786	020-28718	
0001670254-21-001270	C/A	20211108	0001805326	020-28583	
0001670254-21-001269	C	20211108	0001703592	020-29122	
0001892366-21-000001	C	20211108	0001892366	020-29121	
0001634025-21-000010	C-U	20211108	0001634025	020-27757	
0001788590-21-000004	C	20211108	0001788590	020-29119	
0001670254-21-001268	C	20211108	0001738704	020-29120	
0001665160-21-001966	C-U	20211108	0001775767	020-28022	
0001817438-21-000003	C/A	20211105	0001817438	020-26884	
0001816003-21-000005	C/A	20211105	0001816003	020-27939	
0001815955-21-000004	C/A	20211105	0001815955	020-27935	
0001817190-21-000006	C/A	20211105	0001817190	020-26611	
0001746059-21-000545	C/A	20211105	0001876347	020-29029	
0001877762-21-000003	C/A	20211105	0001877762	020-28586	
0001780439-21-000016	C/A	20211105	0001837104	020-28520	
0001665160-21-001964	C-U	20211105	0001750043	020-28056	
0001665160-21-001963	C/A	20211105	0001830909	020-28858	
0001669191-21-001098	C/A	20211105	0001833956	020-27302	
0001669191-21-001097	C/A	20211105	0001833956	020-27302	
0001669191-21-001095	C/A	20211105	0001886644	020-29101	
0001669191-21-001093	C/A	20211105	0001781225	020-28043	
0001669191-21-001089	C/A	20211105	0001863228	020-29118	
0001669191-21-001086	C	20211105	0001863228	020-29118	
0001665160-21-001962	C-W	20211105	0001431703	020-28068	
0001884807-21-000002	C/A	20211105	0001884807	020-29023	
0001670254-21-001266	C	20211105	0001891091	020-29116	
0001796060-21-000006	C-U	20211105	0001796060	020-27834	
0001619790-21-000003	C	20211105	0001619790	020-29115	
0001665160-21-001960	C	20211104	0001745104	020-29114	
0001811251-21-000003	C/A	20211104	0001811251	020-29111	
0001665160-21-001958	C/A	20211104	0001890777	020-29086	
0001879211-21-000003	C/A	20211104	0001879211	020-28769	
0001665160-21-001956	C	20211104	0001878451	020-29113	
0001811251-21-000002	C	20211104	0001811251	020-29111	
0001833366-21-000003	C-U	20211104	0001833366	020-28345	
0001875369-21-000004	C	20211104	0001875369	020-29110	
0001889699-21-000001	C	20211104	0001889699	020-29109	
0001878300-21-000002	C	20211104	0001878300	020-29108	
0001845329-21-000008	C	20211104	0001845329	020-29107	
0001665160-21-001954	C/A	20211104	0001867916	020-28542	
0001890316-21-000001	C	20211104	0001890316	020-29106	
0001746059-21-000544	C/A	20211104	0001880929	020-28675	
0001670254-21-001265	C/A	20211104	0001852657	020-28441	
0001829703-21-000004	C-U	20211104	0001829703	020-28314	
0001856356-21-000002	C-W	20211103	0001856356	020-28308	
0001670254-21-001264	C	20211103	0001674153	020-29105	
0001665160-21-001953	C/A	20211103	0001850042	020-28228	
0001665160-21-001952	C-U	20211103	0001858160	020-28051	
0001867385-21-000004	C	20211103	0001867385	020-29104	
0001670254-21-001263	C/A	20211103	0001639511	020-28809	
0001886474-21-000003	C	20211103	0001888193	020-29103	
0001886474-21-000002	C	20211103	0001886474	020-29102	
0001669191-21-001082	C	20211102	0001886644	020-29101	
0001746059-21-000543	C	20211102	0001890728	020-29099	
0001889280-21-000001	C	20211102	0001889280	020-29098	
0001887640-21-000001	C	20211102	0001887640	020-29097	
0001669191-21-001078	C-W	20211102	0001882788	020-28781	
0001889963-21-000004	C/A	20211102	0001889325	020-29027	
0001889963-21-000003	C/A	20211102	0001889963	020-29054	
0001670254-21-001262	C-U	20211102	0001865730	020-28563	
0001665160-21-001951	C/A	20211102	0001859835	020-28067	
0001665160-21-001950	C/A	20211102	0001881157	020-28687	
0001670254-21-001260	C/A	20211102	0001852657	020-28441	
0001746059-21-000542	C-U	20211102	0001871207	020-28507	
0001746059-21-000541	C	20211102	0001889343	020-29096	
0001665160-21-001949	C-U	20211102	0001856949	020-28035	
0001665160-21-001948	C	20211102	0001889530	020-29095	
0001747584-21-000026	C-U	20211102	0001848743	020-27759	
0001886475-21-000005	C/A	20211102	0001886475	020-28913	
0001746059-21-000540	C	20211101	0001891370	020-29093	
0001669191-21-001077	C/A	20211101	0001881768	020-28874	
0001665160-21-001945	C-W	20211101	0001879107	020-28771	
0001669191-21-001075	C/A	20211101	0001803793	020-28679	
0001669191-21-001072	C/A	20211101	0001826924	020-27050	
0001669191-21-001070	C/A	20211101	0001877907	020-28683	
0001665160-21-001944	C-U	20211101	0001875242	020-28506	
0001665160-21-001943	C-U	20211101	0001879954	020-28634	
0001746059-21-000539	C-U	20211101	0001863267	020-28131	
0001850742-21-000004	C-U	20211101	0001850742	020-28232	
0001746059-21-000538	C	20211101	0001890808	020-29091	
0001746059-21-000537	C-U	20211101	0001853647	020-27856	
0001746059-21-000536	C-W	20211101	0001879225	020-28626	
0001746059-21-000535	C-W	20211101	0001865134	020-28182	
0001746059-21-000534	C-W	20211101	0001881191	020-28697	
0001746059-21-000533	C/A	20211101	0001873095	020-28491	
0001809210-21-000004	C-U	20211101	0001809210	020-28239	
0001665160-21-001942	C-U	20211101	0001741548	020-27704	
0001670254-21-001258	C	20211101	0001726003	020-29090	
0001670254-21-001254	C	20211101	0001889682	020-29088	
0001851491-21-000008	C-U	20211101	0001851491	020-27815	
0001670254-21-001256	C	20211101	0001878133	020-29089	
0001665160-21-001941	C-U	20211029	0001790595	020-27996	
0001665160-21-001940	C-U	20211029	0001832217	020-27541	
0001670254-21-001252	C	20211029	0001884817	020-29087	
0001665160-21-001938	C	20211029	0001890777	020-29086	
0001878661-21-000001	C	20211029	0001878661	020-29085	
0001829993-21-000003	C	20211029	0001829993	020-29084	
0001781955-21-000006	C/A	20211029	0001781955	020-28102	
0001665160-21-001937	C	20211029	0001870763	020-29083	
0001670254-21-001251	C/A	20211029	0001875071	020-28770	
0001670254-21-001249	C	20211029	0001891049	020-29081	
0001665160-21-001935	C/A	20211029	0001869347	020-28305	
0001634025-21-000009	C/A	20211029	0001634025	020-27757	
0001864237-21-000003	C-U	20211029	0001864237	020-28167	
0001665160-21-001934	C/A	20211029	0001816937	020-28025	
0001746059-21-000532	C	20211029	0001888646	020-29080	
0001670254-21-001248	C	20211029	0001854811	020-29079	
0001669191-21-001066	C/A	20211029	0001762807	020-28677	
0001779469-21-000006	C	20211029	0001779469	020-29078	
0001863224-21-000002	C/A	20211029	0001863224	020-28481	
0001669191-21-001064	C/A	20211029	0001762807	020-28677	
0001665160-21-001933	C	20211029	0001889418	020-29077	
0001670254-21-001246	C	20211029	0001889344	020-29075	
0001670254-21-001244	C	20211029	0001753340	020-29074	
0001640709-21-000005	C-U	20211029	0001640709	020-27660	
0001665160-21-001930	C	20211029	0001860213	020-29073	
0001746059-21-000531	C-U	20211029	0001829904	020-27111	
0001665160-21-001928	C-U	20211029	0001870763	020-28478	
0001665160-21-001927	C-U	20211029	0001775538	020-25640	
0001669191-21-001062	C/A	20211029	0001803793	020-28679	
0001885303-21-000006	C/A	20211029	0001885303	020-29060	
0001665160-21-001925	C	20211029	0001715526	020-29071	
0001889098-21-000001	C	20211029	0001889098	020-29069	
0001779469-21-000005	C-U	20211029	0001779469	020-27817	
0001873892-21-000003	C/A	20211029	0001859079	020-28199	
0001746059-21-000530	C/A	20211029	0001876658	020-28654	
0001746059-21-000529	C/A	20211029	0001885460	020-28853	
0001670254-21-001242	C	20211029	0001891121	020-29067	
0001873892-21-000002	C/A	20211029	0001873892	020-28468	
0001665160-21-001922	C/A	20211028	0001735146	020-28863	
0001665160-21-001920	C	20211028	0001838691	020-29066	
0001665160-21-001916	C/A	20211028	0001845509	020-28387	
0001665160-21-001914	C	20211028	0001880881	020-29065	
0001644600-21-000127	C-AR	20211028	0001832217	020-27541	20210630
0001665160-21-001913	C/A	20211028	0001845509	020-28387	
0001670254-21-001239	C-U	20211028	0001854811	020-27952	
0001665160-21-001911	C	20211028	0001889134	020-29064	
0001873882-21-000001	C	20211028	0001873882	020-29061	
0001779469-21-000004	C-AR	20211028	0001779469	020-25453	20201231
0001665160-21-001908	C-W	20211028	0001868310	020-28280	
0001665160-21-001906	C-W	20211028	0001797609	020-28878	
0001880446-21-000002	C/A	20211028	0001880446	020-28696	
0001665160-21-001902	C-U	20211028	0001762827	020-25108	
0001665160-21-001901	C-U	20211028	0001820834	020-26992	
0001665160-21-001900	C-U	20211028	0001654124	020-26979	
0001872382-21-000008	C/A	20211028	0001872382	020-28389	
0001722969-21-000013	C-U	20211028	0001722969	020-28655	
0001788590-21-000002	C	20211028	0001873409	020-29059	
0001746059-21-000528	C/A	20211027	0001861444	020-29057	
0001670254-21-001235	C	20211027	0001889083	020-29058	
0001746059-21-000527	C	20211027	0001861444	020-29057	
0001840495-21-000003	C/A	20211027	0001840495	020-27470	
0001876142-21-000001	C	20211027	0001876142	020-29056	
0001857547-21-000003	C/A	20211027	0001857547	020-28494	
0001669191-21-001060	C/A	20211027	0001823018	020-26869	
0001669191-21-001058	C/A	20211027	0001841851	020-27607	
0001665160-21-001899	C/A	20211027	0001807844	020-29000	
0001670254-21-001233	C	20211027	0001883759	020-29055	
0001740075-21-000004	C/A	20211027	0001740075	020-24843	
0001665160-21-001897	C-U	20211027	0001812857	020-27896	
0001746059-21-000526	C-W	20211027	0001880572	020-28645	
0001665160-21-001896	C-U	20211027	0001846931	020-27647	
0001669191-21-001056	C-W	20211027	0001666584	020-27687	
0001889396-21-000001	C	20211027	0001889396	020-29053	
0001665160-21-001895	C/A	20211027	0001885874	020-28886	
0001889963-21-000001	C	20211027	0001889963	020-29054	
0001665160-21-001894	C/A-W	20211027	0001885874	020-28886	
0001665160-21-001892	C/A	20211026	0001887236	020-28963	
0001683827-21-000005	C/A	20211026	0001683827	020-28312	
0001665160-21-001890	C-W	20211026	0001887236	020-29051	
0001888901-21-000001	C	20211026	0001888901	020-29052	
0001665160-21-001889	C	20211026	0001887236	020-29051	
0001665160-21-001887	C/A	20211026	0001885874	020-28886	
0001886772-21-000001	C	20211026	0001886772	020-29049	
0001665160-21-001885	C	20211026	0001862793	020-29048	
0001665160-21-001884	C/A	20211026	0001863182	020-28135	
0001665160-21-001881	C	20211026	0001824981	020-29046	
0001644600-21-000125	C	20211026	0001886150	020-29044	
0001887265-21-000002	C	20211026	0001887265	020-29043	
0001665160-21-001879	C	20211026	0001888665	020-29042	
0001746059-21-000525	C-U	20211026	0001866028	020-28233	
0001665160-21-001876	C-U	20211026	0001815192	020-26572	
0001665160-21-001874	C/A	20211026	0001838790	020-27440	
0001746059-21-000524	C-W	20211026	0001875561	020-28489	
0001665160-21-001873	C-U	20211026	0001838564	020-28000	
0001746059-21-000523	C-U	20211026	0001867110	020-28256	
0001746059-21-000522	C-W	20211026	0001867957	020-28262	
0001669191-21-001054	C	20211026	0001880958	020-29039	
0001859165-21-000003	C	20211026	0001859165	020-29036	
0001670254-21-001231	C	20211026	0001884011	020-29037	
0001670254-21-001229	C	20211025	0001852106	020-29035	
0001665160-21-001872	C/A	20211025	0001803159	020-26218	
0001665160-21-001871	C/A	20211025	0001573591	020-26801	
0001665160-21-001870	C/A	20211025	0001301848	020-27426	
0001665160-21-001869	C/A	20211025	0001836741	020-27338	
0001669191-21-001051	C/A	20211025	0001875441	020-28616	
0001665160-21-001868	C/A	20211025	0001707515	020-27781	
0001555127-21-000011	C/A	20211025	0001555127	020-26416	
0001665160-21-001867	C/A	20211025	0001796036	020-25914	
0001746059-21-000521	C	20211025	0001889301	020-29034	
0001665160-21-001866	C/A	20211025	0001827695	020-27257	
0001881847-21-000002	C/A	20211025	0001881847	020-28713	
0001670254-21-001226	C	20211025	0001889303	020-29033	
0001670254-21-001224	C	20211025	0001793900	020-29032	
0001746059-21-000520	C/A	20211022	0001877283	020-29031	
0001665160-21-001865	C/A	20211022	0001758964	020-27229	
0001746059-21-000519	C	20211022	0001877283	020-29031	
0001571942-21-000005	C/A	20211022	0001571942	020-28410	
0001670254-21-001222	C	20211022	0001888569	020-29030	
0001746059-21-000517	C	20211022	0001876347	020-29029	
0001669191-21-001049	C/A	20211022	0001803793	020-28679	
0001794222-21-000002	C	20211022	0001794222	020-29028	
0001833362-21-000002	C-U	20211022	0001833362	020-28220	
0001889325-21-000001	C	20211022	0001889325	020-29027	
0001875705-21-000003	C/A	20211022	0001875705	020-28504	
0001665160-21-001864	C/A	20211022	0001879217	020-28653	
0001665160-21-001862	C-U	20211022	0001847609	020-27705	
0001876524-21-000003	C-W	20211022	0001876524	020-28592	
0001848794-21-000004	C-U	20211022	0001848794	020-28298	
0001665160-21-001860	C	20211022	0001889564	020-29026	
0001886189-21-000001	C	20211022	0001886189	020-29024	
0001884807-21-000001	C	20211022	0001884807	020-29023	
0001670254-21-001221	C/A	20211022	0001864607	020-28741	
0001644600-21-000123	C/A	20211021	0001805526	020-28690	
0001670254-21-001219	C	20211021	0001879215	020-29022	
0001812129-21-000006	C/A	20211021	0001812129	020-28276	
0001825072-21-000001	C	20211021	0001825072	020-29021	
0001834350-21-000010	C/A	20211021	0001834350	020-27735	
0001670254-21-001217	C	20211021	0001830415	020-29020	
0001755224-21-000002	C	20211021	0001755224	020-29019	
0001669191-21-001047	C-U	20211021	0001856238	020-28006	
0001670254-21-001215	C	20211021	0001883757	020-29018	
0001669191-21-001045	C-U	20211021	0001590167	020-27993	
0001885303-21-000004	C/A	20211021	0001885303	020-29060	
0001665160-21-001858	C/A	20211021	0001887452	020-28992	
0001793655-21-000004	C-TR	20211021	0001793655	020-25831	
0001669191-21-001043	C-U	20211021	0001766415	020-26250	
0001669191-21-001041	C-U	20211021	0001865993	020-28354	
0001669191-21-001039	C-U	20211021	0001785285	020-28205	
0001888739-21-000001	C	20211021	0001888739	020-29017	
0001665160-21-001856	C	20211021	0001585201	020-29016	
0001746059-21-000516	C-U	20211021	0001876344	020-28529	
0001888667-21-000001	C	20211021	0001888667	020-29015	
0001747584-21-000025	C	20211021	0001727750	020-29014	
0001889444-21-000003	C	20211021	0001889444	020-29013	
0001670254-21-001213	C	20211021	0001823098	020-29011	
0001670254-21-001212	C/A	20211021	0001845606	020-28019	
0001881845-21-000002	C	20211021	0001881845	020-29010	
0001665160-21-001855	C/A	20211020	0001873475	020-28941	
0001821982-21-000014	C	20211020	0001884016	020-29009	
0001669191-21-001036	C/A	20211020	0001718028	020-28859	
0001669191-21-001034	C/A	20211020	0001828649	020-27997	
0001665160-21-001852	C/A	20211020	0001880327	020-28848	
0001665160-21-001849	C	20211020	0001888853	020-29007	
0001644600-21-000120	C	20211020	0001877339	020-29005	
0001753754-21-000005	C-TR	20211020	0001753754	020-24758	
0001665160-21-001847	C-U	20211020	0001824939	020-27095	
0001747584-21-000023	C-U	20211020	0001727750	020-27752	
0001885303-21-000003	C	20211020	0001885303	020-29060	
0001874979-21-000011	C-U	20211020	0001630105	020-28254	
0001665160-21-001846	C-U	20211020	0001819705	020-27979	
0001670254-21-001210	C	20211020	0001837613	020-29003	
0001665160-21-001845	C-U	20211020	0001874274	020-28603	
0001880569-21-000001	C	20211020	0001880569	020-29001	
0001670254-21-001209	C/A	20211020	0001719932	020-28836	
0001670254-21-001207	C	20211020	0001887661	020-29002	
0001665160-21-001843	C	20211019	0001807844	020-29000	
0001665160-21-001841	C/A	20211019	0001861448	020-28989	
0001670254-21-001205	C	20211019	0001888695	020-28998	
0001746059-21-000515	C	20211019	0001888708	020-28997	
0001670254-21-001204	C/A	20211019	0001881671	020-28790	
0001886806-21-000002	C/A	20211019	0001886806	020-28928	
0001670254-21-001203	C/A	20211019	0001822078	020-28536	
0001665160-21-001837	C	20211019	0001718594	020-28995	
0001644600-21-000116	C	20211019	0001854268	020-28994	
0001746059-21-000514	C	20211019	0001880084	020-28993	
0001665160-21-001835	C	20211019	0001887452	020-28992	
0001874979-21-000010	C-U	20211019	0001874979	020-28513	
0001746059-21-000513	C-U	20211019	0001867751	020-28242	
0001746059-21-000512	C-U	20211019	0001865194	020-28175	
0001746059-21-000511	C-U	20211019	0001877283	020-28558	
0001746059-21-000510	C-U	20211019	0001878432	020-28597	
0001746059-21-000509	C-W	20211019	0001877781	020-28584	
0001746059-21-000508	C-W	20211019	0001878972	020-28588	
0001665160-21-001834	C-U	20211019	0001836186	020-27347	
0001746059-21-000507	C-W	20211019	0001879275	020-28604	
0001882521-21-000003	C/A	20211019	0001882521	020-28761	
0001888806-21-000001	C	20211019	0001888806	020-28990	
0001665160-21-001832	C	20211019	0001861448	020-28989	
0001670254-21-001197	C	20211019	0001880410	020-28985	
0001670254-21-001195	C	20211019	0001786874	020-28984	
0001670254-21-001201	C	20211019	0001888699	020-28987	
0001665160-21-001829	C	20211019	0001886749	020-28983	
0001670254-21-001194	C-U	20211019	0001807844	020-27157	
0001670254-21-001199	C	20211019	0001331332	020-28986	
0001751606-21-000004	C-W	20211018	0001751606	020-26805	
0001751606-21-000003	C-U	20211018	0001751606	020-26805	
0001665160-21-001828	C-U	20211018	0001757098	020-26524	
0001788935-21-000006	C-U	20211018	0001843971	020-27729	
0001746059-21-000506	C	20211018	0001888161	020-28982	
0001788935-21-000005	C-U	20211018	0001788935	020-27955	
0001670254-21-001192	C/A	20211018	0001857994	020-28362	
0001669191-21-001032	C/A	20211018	0001776458	020-28361	
0001669191-21-001030	C/A	20211018	0001740966	020-28250	
0001740075-21-000003	C/A	20211018	0001740075	020-24843	
0001746059-21-000505	C/A	20211018	0001853647	020-27856	
0001665160-21-001824	C/A	20211018	0001863182	020-28135	
0001867987-21-000001	C	20211018	0001867987	020-28979	
0001665160-21-001823	C-U	20211018	0001822753	020-27836	
0001813804-21-000002	C-U	20211018	0001813804	020-28351	
0001665160-21-001822	C/A	20211018	0001803721	020-26174	
0001670254-21-001191	C-U	20211018	0001619790	020-27267	
0001670254-21-001186	C	20211018	0001825186	020-28976	
0001670254-21-001187	C	20211018	0001825186	020-28977	
0001670254-21-001188	C	20211018	0001800204	020-28978	
0001670254-21-001183	C	20211015	0001754920	020-28975	
0001665160-21-001821	C-AR/A	20211015	0001681290	020-25971	20201231
0001670254-21-001180	C	20211015	0001806955	020-28974	
0001790166-21-000006	C-W	20211015	0001790166	020-26503	
0001790166-21-000005	C-W	20211015	0001790166	020-28188	
0001665160-21-001818	C-U	20211015	0001852552	020-27947	
0001665160-21-001816	C	20211015	0001854190	020-28973	
0001665160-21-001814	C/A	20211015	0001715599	020-27073	
0001818274-21-000002	C/A	20211015	0001818274	020-27156	
0001840688-21-000005	C/A	20211015	0001840688	020-27892	
0001795615-21-000003	C/A	20211015	0001795615	020-25920	
0001875369-21-000003	C-U	20211015	0001875369	020-28526	
0001665160-21-001813	C-U	20211015	0001713933	020-27443	
0001670254-21-001179	C-AR	20211015	0001800204	020-26044	20201231
0001670254-21-001176	C/A	20211015	0001851098	020-27827	
0001850285-21-000002	C	20211014	0001850285	020-28971	
0001742232-21-000002	C	20211014	0001742232	020-28970	
0001885023-21-000001	C	20211014	0001885023	020-28969	
0001746059-21-000504	C	20211014	0001887969	020-28968	
0001746059-21-000503	C	20211014	0001886823	020-28967	
0001886475-21-000004	C/A	20211014	0001886475	020-28913	
0001746059-21-000502	C	20211014	0001887946	020-28966	
0001792508-21-000005	C-U	20211014	0001792508	020-27658	
0001746059-21-000501	C	20211014	0001884967	020-28965	
0001665160-21-001811	C	20211014	0001878896	020-28964	
0001665160-21-001809	C	20211014	0001887236	020-28963	
0001789922-21-000001	C-AR	20211014	0001789922	020-25689	20201231
0001793447-21-000001	C-AR	20211014	0001793447	020-25967	20201231
0001670254-21-001174	C	20211014	0001884838	020-28961	
0001670254-21-001172	C	20211013	0001691942	020-28960	
0001669191-21-001028	C	20211013	0001887244	020-28958	
0001670254-21-001171	C/A	20211013	0001885375	020-28956	
0001885405-21-000004	C/A	20211013	0001885405	020-28919	
0001746059-21-000500	C	20211013	0001887933	020-28955	
0001670254-21-001169	C	20211013	0001885375	020-28956	
0001665160-21-001806	C/A	20211013	0001850149	020-27796	
0001213900-21-052608	C-AR	20211013	0001742232	020-26380	20170126
0001665160-21-001804	C	20211013	0001887887	020-28954	
0001755767-21-000002	C/A	20211013	0001755767	020-25633	
0001665160-21-001803	C/A	20211013	0001799227	020-28423	
0001885405-21-000003	C/A	20211013	0001885405	020-28919	
0001886475-21-000003	C/A	20211013	0001886475	020-28913	
0001885405-21-000002	C/A	20211013	0001885405	020-28919	
0001746059-21-000499	C/A	20211013	0001880572	020-28645	
0001885115-21-000002	C	20211013	0001885115	020-28952	
0001665160-21-001802	C-U	20211013	0001844132	020-28149	
0001665160-21-001801	C/A	20211013	0001685404	020-28436	
0001747584-21-000022	C	20211013	0001870139	020-28951	
0001784144-21-000003	C	20211013	0001784144	020-28953	
0001784144-21-000005	C/A	20211013	0001874979	020-28515	
0001784144-21-000004	C/A	20211013	0001874979	020-28514	
0001665160-21-001800	C/A	20211012	0001885874	020-28886	
0001644600-21-000114	C/A	20211012	0001674163	020-28910	
0001665160-21-001798	C/A	20211012	0001873475	020-28941	
0001665160-21-001797	C/A	20211012	0001861510	020-28253	
0001665160-21-001796	C/A	20211012	0001775538	020-25640	
0001670254-21-001166	C	20211012	0001883768	020-28949	
0001820449-21-000006	C-U	20211012	0001820449	020-28124	
0001876456-21-000003	C-U	20211012	0001876456	020-28573	
0001644600-21-000113	C/A-W	20211012	0001674163	020-28910	
0001746059-21-000498	C-U	20211012	0001876949	020-28531	
0001746059-21-000497	C-U	20211012	0001876362	020-28530	
0001665160-21-001794	C/A	20211012	0001706024	020-27970	
0001670254-21-001164	C-AR	20211012	0001825186	020-26930	20201231
0001665160-21-001793	C-U	20211012	0001862090	020-28104	
0001670254-21-001161	C	20211012	0001880579	020-28948	
0001746059-21-000496	C	20211012	0001885746	020-28947	
0001670254-21-001159	C	20211012	0001884835	020-28946	
0001665160-21-001791	C	20211012	0001630162	020-28945	
0001665160-21-001790	C/A	20211012	0001883291	020-28824	
0001842871-21-000003	C/A	20211012	0001842871	020-27710	
0001666102-21-000020	C-U	20211012	0001877959	020-28619	
0001670254-21-001157	C	20211012	0001844566	020-28944	
0001670254-21-001155	C	20211012	0001637943	020-28943	
0001844955-21-000002	C	20211008	0001844955	020-28942	
0001669191-21-001025	C/A	20211008	0001877907	020-28683	
0001669191-21-001023	C/A	20211008	0001828649	020-27997	
0001669191-21-001021	C/A	20211008	0001523215	020-27847	
0001665160-21-001787	C	20211008	0001873475	020-28941	
0001669191-21-001019	C/A	20211008	0001874825	020-28546	
0001746059-21-000495	C	20211008	0001885948	020-28939	
0001746059-21-000494	C/A	20211008	0001876344	020-28529	
0001884488-21-000001	C	20211008	0001884488	020-28938	
0001885382-21-000002	C	20211008	0001885382	020-28937	
0001665160-21-001785	C/A	20211008	0001755802	020-28033	
0001746059-21-000493	C-U	20211008	0001876422	020-28517	
0001747584-21-000020	C-U	20211008	0001857390	020-28193	
0001746059-21-000492	C	20211008	0001886366	020-28936	
0001670254-21-001153	C	20211008	0001883754	020-28935	
0001864237-21-000002	C/A	20211008	0001864237	020-28167	
0001670254-21-001151	C	20211008	0001883762	020-28934	
0001879727-21-000001	C	20211008	0001879727	020-28932	
0001746059-21-000491	C	20211008	0001768621	020-28931	
0001644600-21-000111	C/A	20211008	0001674163	020-28910	
0001871551-21-000003	C-U	20211008	0001871551	020-28764	
0001765208-21-000001	C-TR	20211008	0001765208	020-26360	
0001670254-21-001141	C	20211008	0001862194	020-28926	
0001886806-21-000001	C	20211008	0001886806	020-28928	
0001670254-21-001150	C-U	20211008	0001742232	020-26380	
0001670254-21-001145	C	20211008	0001884832	020-28929	
0001670254-21-001143	C	20211008	0001881570	020-28927	
0001670254-21-001147	C	20211008	0001886050	020-28930	
0001691692-21-000002	C	20211007	0001691692	020-28925	
0001670254-21-001140	C-AR	20211007	0001765208	020-26360	20201231
0001865239-21-000009	C-W	20211007	0001865239	020-28209	
0001665160-21-001783	C-U	20211007	0001687869	020-27918	
0001669191-21-001017	C/A	20211007	0001847373	020-27674	
0001669191-21-001015	C/A	20211007	0001873823	020-28892	
0001665160-21-001782	C	20211007	0001775046	020-28924	
0001669191-21-001013	C/A	20211007	0001762807	020-28677	
0001665160-21-001780	C	20211007	0001882118	020-28922	
0001846065-21-000005	C-U	20211007	0001846065	020-27672	
0001874824-21-000005	C/A	20211007	0001874824	020-28826	
0001874824-21-000004	C/A	20211007	0001874824	020-28826	
0001670254-21-001137	C-U	20211007	0001612397	020-27110	
0001670254-21-001134	C	20211007	0001884819	020-28920	
0001851491-21-000007	C-U	20211007	0001851491	020-27815	
0001886169-21-000002	C/A	20211006	0001886169	020-28902	
0001885405-21-000001	C	20211006	0001885405	020-28919	
0001670254-21-001132	C	20211006	0001829619	020-28918	
0001670254-21-001130	C	20211006	0001885454	020-28917	
0001797422-21-000004	C-U	20211006	0001797422	020-28218	
0001873797-21-000004	C-U	20211006	0001874313	020-28465	
0001873797-21-000003	C-U	20211006	0001739408	020-28534	
0001873797-21-000002	C-U	20211006	0001873797	020-28429	
0001670254-21-001128	C	20211006	0001882568	020-28916	
0001670254-21-001126	C	20211006	0001706765	020-28915	
0001670254-21-001123	C/A	20211006	0001820470	020-26763	
0001661933-21-000003	C-U	20211006	0001661933	020-28432	
0001670254-21-001124	C	20211006	0001886437	020-28914	
0001886475-21-000001	C	20211006	0001886475	020-28913	
0001669191-21-001011	C/A	20211005	0001882788	020-28781	
0001746059-21-000490	C	20211005	0001885542	020-28912	
0001669191-21-001009	C/A	20211005	0001877907	020-28683	
0001665160-21-001778	C/A	20211005	0001819705	020-27979	
0001669191-21-001006	C/A	20211005	0001869068	020-28524	
0001670254-21-001119	C	20211005	0001779024	020-28911	
0001644600-21-000106	C	20211005	0001674163	020-28910	
0001746059-21-000489	C	20211005	0001880434	020-28908	
0001849264-21-000002	C-U	20211005	0001849264	020-27901	
0001884224-21-000003	C	20211005	0001884224	020-28906	
0001670254-21-001117	C	20211005	0001810051	020-28905	
0001670254-21-001115	C-U	20211005	0001858392	020-28419	
0001665160-21-001775	C/A	20211005	0001813227	020-27905	
0001670254-21-001118	C	20211005	0001858392	020-28904	
0001670254-21-001116	C-AR	20211005	0001810051	020-26348	20201231
0001860996-21-000003	C	20211005	0001860996	020-28903	
0001669191-21-001004	C/A	20211004	0001847373	020-27674	
0001733215-21-000009	C-U	20211004	0001836520	020-27628	
0001733215-21-000008	C-U	20211004	0001831121	020-27887	
0001733215-21-000007	C-U	20211004	0001733215	020-27987	
0001665160-21-001774	C-AR/A	20211004	0001808286	020-26462	20201231
0001670254-21-001113	C/A	20211004	0001839245	020-27715	
0001886169-21-000001	C	20211004	0001886169	020-28902	
0001867414-21-000002	C/A	20211004	0001867414	020-28700	
0001867448-21-000005	C-U	20211004	0001839394	020-27657	
0001867448-21-000004	C-U	20211004	0001867448	020-28550	
0001746059-21-000488	C-U	20211004	0001867311	020-28516	
0001746059-21-000487	C-W	20211004	0001870957	020-28378	
0001746059-21-000486	C-W	20211004	0001871384	020-28495	
0001683168-21-004647	C	20211004	0001406588	020-28901	
0001885391-21-000002	C	20211004	0001885391	020-28897	
0001670254-21-001109	C-W	20211004	0001810051	020-28860	
0001670254-21-001110	C	20211004	0001801085	020-28898	
0001670254-21-001112	C	20211004	0001867206	020-28899	
0001670254-21-001105	C	20211001	0001750795	020-28896	
0001670254-21-001103	C	20211001	0001832206	020-28895	
0001670254-21-001102	C/A	20211001	0001868661	020-28294	
0001821982-21-000013	C-U	20211001	0001860813	020-28072	
0001669191-21-001002	C/A	20211001	0001857342	020-28727	
0001669191-21-001000	C/A	20211001	0001872848	020-28522	
0001669191-21-000998	C/A	20211001	0001882788	020-28781	
0001669191-21-000996	C/A	20211001	0001838198	020-27879	
0001746059-21-000485	C	20211001	0001883164	020-28894	
0001665160-21-001771	C	20211001	0001885969	020-28893	
0001666102-21-000019	C/A	20211001	0001877959	020-28619	
0001746059-21-000484	C/A	20211001	0001883276	020-28765	
0001790166-21-000004	C-U	20211001	0001790166	020-28188	
0001669191-21-000994	C	20211001	0001873823	020-28892	
0001665160-21-001770	C-U	20211001	0001757098	020-26524	
0001817875-21-000004	C/A	20211001	0001859483	020-28230	
0001874979-21-000008	C/A	20211001	0001874979	020-28515	
0001885872-21-000001	C	20211001	0001885872	020-28890	
0001874979-21-000006	C/A	20211001	0001874979	020-28513	
0001870897-21-000003	C	20211001	0001870897	020-28889	
0001874979-21-000007	C/A	20211001	0001874979	020-28514	
0001722969-21-000012	C/A	20211001	0001722969	020-28655	
